Series_Title,Released_Year,Certificate,Runtime,Genre,IMDB_Rating,Director
American Psycho,2000,A,101 min,Comedy,7.6,Mary Harron
Batoru rowaiaru,2000,,114 min,Action,7.6,Kinji Fukasaku
Billy Elliot,2000,R,110 min,Drama,7.7,Stephen Daldry
"O Brother, Where Art Thou?",2000,U,107 min,Adventure,7.7,Joel Coen
Vampire Hunter D: Bloodlust,2000,U,103 min,Animation,7.7,Yoshiaki Kawajiri
Cast Away,2000,UA,143 min,Adventure,7.8,Robert Zemeckis
Gongdong gyeongbi guyeok JSA,2000,,110 min,Action,7.8,Chan-wook Park
Remember the Titans,2000,U,113 min,Biography,7.8,Boaz Yakin
Wo hu cang long,2000,UA,120 min,Action,7.8,Ang Lee
Almost Famous,2000,A,122 min,Adventure,7.9,Cameron Crowe
Nueve reinas,2000,R,114 min,Crime,7.9,FabiÃ¡n Bielinsky
Dancer in the Dark,2000,U,140 min,Crime,8,Lars von Trier
Amores perros,2000,A,154 min,Drama,8.1,Alejandro G. IÃ±Ã¡rritu
Fa yeung nin wah,2000,U,98 min,Drama,8.1,Kar-Wai Wong
Hera Pheri,2000,U,156 min,Action,8.2,Priyadarshan
Requiem for a Dream,2000,A,102 min,Drama,8.3,Darren Aronofsky
Snatch,2000,UA,104 min,Comedy,8.3,Guy Ritchie
Memento,2000,UA,113 min,Mystery,8.4,Christopher Nolan
Gladiator,2000,UA,155 min,Action,8.5,Ridley Scott
Blow,2001,R,124 min,Biography,7.6,Ted Demme
Enemy at the Gates,2001,A,131 min,Drama,7.6,Jean-Jacques Annaud
Harry Potter and the Sorcerer's Stone,2001,U,152 min,Adventure,7.6,Chris Columbus
The Others,2001,PG-13,101 min,Horror,7.6,Alejandro AmenÃ¡bar
The Royal Tenenbaums,2001,A,110 min,Comedy,7.6,Wes Anderson
Y tu mamÃ¡ tambiÃ©n,2001,A,106 min,Drama,7.6,Alfonso CuarÃ³n
Black Hawk Down,2001,A,144 min,Drama,7.7,Ridley Scott
Das Experiment,2001,R,120 min,Drama,7.7,Oliver Hirschbiegel
Hedwig and the Angry Inch,2001,R,95 min,Comedy,7.7,John Cameron Mitchell
I Am Sam,2001,PG-13,132 min,Drama,7.7,Jessie Nelson
Ocean's Eleven,2001,UA,116 min,Crime,7.7,Steven Soderbergh
Training Day,2001,A,122 min,Crime,7.7,Antoine Fuqua
Shrek,2001,U,90 min,Animation,7.8,Andrew Adamson
Waking Life,2001,R,99 min,Animation,7.8,Richard Linklater
Cowboy Bebop: Tengoku no tobira,2001,U,115 min,Animation,7.9,Shin'ichirÃ´ Watanabe
Mulholland Dr.,2001,R,147 min,Drama,7.9,David Lynch
No Man's Land,2001,R,98 min,Comedy,7.9,Danis Tanovic
Donnie Darko,2001,R,113 min,Drama,8,Richard Kelly
Vizontele,2001,,110 min,Comedy,8,Yilmaz Erdogan
Yeopgijeogin geunyeo,2001,,137 min,Comedy,8,Jae-young Kwak
Dil Chahta Hai,2001,Unrated,183 min,Comedy,8.1,Farhan Akhtar
Lagaan: Once Upon a Time in India,2001,U,224 min,Adventure,8.1,Ashutosh Gowariker
"Monsters, Inc.",2001,U,92 min,Animation,8.1,Pete Docter
A Beautiful Mind,2001,UA,135 min,Biography,8.2,Ron Howard
AmÃ©lie,2001,U,122 min,Comedy,8.3,Jean-Pierre Jeunet
Sen to Chihiro no kamikakushi,2001,U,125 min,Animation,8.6,Hayao Miyazaki
The Lord of the Rings: The Fellowship of the Ring,2001,U,178 min,Action,8.8,Peter Jackson
25th Hour,2002,R,135 min,Drama,7.6,Spike Lee
28 Days Later...,2002,A,113 min,Drama,7.6,Danny Boyle
Boksuneun naui geot,2002,R,129 min,Crime,7.6,Chan-wook Park
Minority Report,2002,A,145 min,Action,7.6,Steven Spielberg
Adaptation.,2002,R,115 min,Comedy,7.7,Spike Jonze
In America,2002,PG-13,105 min,Drama,7.7,Jim Sheridan
Interstate 60: Episodes of the Road,2002,R,116 min,Adventure,7.7,Bob Gale
Road to Perdition,2002,A,117 min,Crime,7.7,Sam Mendes
The Magdalene Sisters,2002,R,114 min,Drama,7.7,Peter Mullan
Lilja 4-ever,2002,R,109 min,Crime,7.8,Lukas Moodysson
The Count of Monte Cristo,2002,PG-13,131 min,Action,7.8,Kevin Reynolds
Hable con ella,2002,R,112 min,Drama,7.9,Pedro AlmodÃ³var
The Bourne Identity,2002,UA,119 min,Action,7.9,Doug Liman
Ying xiong,2002,PG-13,120 min,Action,7.9,Yimou Zhang
Mou gaan dou,2002,UA,101 min,Action,8,Andrew Lau
Catch Me If You Can,2002,A,141 min,Biography,8.1,Steven Spielberg
The Pianist,2002,R,150 min,Biography,8.5,Roman Polanski
Cidade de Deus,2002,A,130 min,Crime,8.6,Fernando Meirelles
The Lord of the Rings: The Two Towers,2002,UA,179 min,Action,8.7,Peter Jackson
21 Grams,2003,UA,124 min,Crime,7.6,Alejandro G. IÃ±Ã¡rritu
Jeux d'enfants,2003,R,93 min,Comedy,7.6,Yann Samuell
The Station Agent,2003,R,89 min,Comedy,7.6,Tom McCarthy
Good Bye Lenin!,2003,R,121 min,Comedy,7.7,Wolfgang Becker
Lost in Translation,2003,UA,102 min,Comedy,7.7,Sofia Coppola
The Last Samurai,2003,UA,154 min,Action,7.7,Edward Zwick
Les triplettes de Belleville,2003,PG-13,80 min,Animation,7.8,Sylvain Chomet
Ondskan,2003,,113 min,Drama,7.8,Mikael HÃ¥fstrÃ¶m
TÃ´kyÃ´ goddofÃ¢zÃ¢zu,2003,UA,90 min,Animation,7.8,Satoshi Kon
Mystic River,2003,A,138 min,Crime,7.9,Clint Eastwood
Big Fish,2003,U,125 min,Adventure,8,Tim Burton
Bom Yeoareum Gaeul Gyeoul Geurigo Bom,2003,R,103 min,Drama,8,Ki-duk Kim
Dogville,2003,R,178 min,Crime,8,Lars von Trier
Kal Ho Naa Ho,2003,U,186 min,Comedy,8,Nikkhil Advani
Pirates of the Caribbean: The Curse of the Black Pearl,2003,UA,143 min,Action,8,Gore Verbinski
Vozvrashchenie,2003,,110 min,Drama,8,Andrey Zvyagintsev
Finding Nemo,2003,U,100 min,Animation,8.1,Andrew Stanton
Kill Bill: Vol. 1,2003,R,111 min,Action,8.1,Quentin Tarantino
Munna Bhai M.B.B.S.,2003,U,156 min,Comedy,8.1,Rajkumar Hirani
Salinui chueok,2003,UA,131 min,Crime,8.1,Bong Joon Ho
Oldeuboi,2003,A,101 min,Action,8.4,Chan-wook Park
The Lord of the Rings: The Return of the King,2003,U,201 min,Action,8.9,Peter Jackson
Dead Man's Shoes,2004,,90 min,Crime,7.6,Shane Meadows
Finding Neverland,2004,U,106 min,Biography,7.6,Marc Forster
Mysterious Skin,2004,R,105 min,Drama,7.6,Gregg Araki
Saw,2004,UA,103 min,Horror,7.6,James Wan
The Butterfly Effect,2004,U,113 min,Drama,7.6,Eric Bress
Un long dimanche de fianÃ§ailles,2004,U,133 min,Drama,7.6,Jean-Pierre Jeunet
Crash,2004,UA,112 min,Crime,7.7,Paul Haggis
Kung fu,2004,UA,99 min,Action,7.7,Stephen Chow
Man on Fire,2004,UA,146 min,Action,7.7,Tony Scott
Ray,2004,A,152 min,Biography,7.7,Taylor Hackford
The Bourne Supremacy,2004,A,108 min,Action,7.7,Paul Greengrass
The Machinist,2004,R,101 min,Drama,7.7,Brad Anderson
Diarios de motocicleta,2004,U,126 min,Adventure,7.8,Walter Salles
The Notebook,2004,A,123 min,Drama,7.8,Nick Cassavetes
Veer-Zaara,2004,U,192 min,Drama,7.8,Yash Chopra
Gegen die Wand,2004,R,121 min,Drama,7.9,Fatih Akin
Harry Potter and the Prisoner of Azkaban,2004,U,142 min,Adventure,7.9,Alfonso CuarÃ³n
Les choristes,2004,PG-13,97 min,Drama,7.9,Christophe Barratier
Shaun of the Dead,2004,UA,99 min,Comedy,7.9,Edgar Wright
Bin-jip,2004,U,88 min,Crime,8,Ki-duk Kim
G.O.R.A.,2004,,127 min,Adventure,8,Ã–mer Faruk Sorak
Kill Bill: Vol. 2,2004,A,137 min,Action,8,Quentin Tarantino
The Incredibles,2004,U,115 min,Animation,8,Brad Bird
Before Sunset,2004,R,80 min,Drama,8.1,Richard Linklater
Hotel Rwanda,2004,PG-13,121 min,Biography,8.1,Terry George
Million Dollar Baby,2004,UA,132 min,Drama,8.1,Clint Eastwood
Taegukgi hwinalrimyeo,2004,R,140 min,Action,8.1,Je-kyu Kang
Der Untergang,2004,R,156 min,Biography,8.2,Oliver Hirschbiegel
Hauru no ugoku shiro,2004,U,119 min,Animation,8.2,Hayao Miyazaki
"Swades: We, the People",2004,U,210 min,Drama,8.2,Ashutosh Gowariker
Eternal Sunshine of the Spotless Mind,2004,UA,108 min,Drama,8.3,Michel Gondry
Lord of War,2005,R,122 min,Action,7.6,Andrew Niccol
Match Point,2005,R,124 min,Drama,7.6,Woody Allen
Brokeback Mountain,2005,A,134 min,Drama,7.7,Ang Lee
Harry Potter and the Goblet of Fire,2005,UA,157 min,Adventure,7.7,Mike Newell
Joyeux NoÃ«l,2005,PG-13,116 min,Drama,7.7,Christian Carion
Adams Ã¦bler,2005,R,94 min,Comedy,7.8,Anders Thomas Jensen
Pride & Prejudice,2005,PG,129 min,Drama,7.8,Joe Wright
Serenity,2005,PG-13,119 min,Action,7.8,Joss Whedon
The World's Fastest Indian,2005,U,127 min,Biography,7.8,Roger Donaldson
Walk the Line,2005,PG-13,136 min,Biography,7.8,James Mangold
C.R.A.Z.Y.,2005,,129 min,Comedy,7.9,Jean-Marc VallÃ©e
Cinderella Man,2005,UA,144 min,Biography,8,Ron Howard
Sin City,2005,A,124 min,Crime,8,Frank Miller
Batman Begins,2005,UA,140 min,Action,8.2,Christopher Nolan
Black,2005,U,122 min,Drama,8.2,Sanjay Leela Bhansali
V for Vendetta,2005,A,132 min,Action,8.2,James McTeigue
Babam ve Oglum,2005,,112 min,Drama,8.3,Ã‡agan Irmak
300,2006,A,117 min,Action,7.6,Zack Snyder
Huo Yuan Jia,2006,PG-13,104 min,Action,7.6,Ronny Yu
Inside Man,2006,R,129 min,Crime,7.6,Spike Lee
The Illusionist,2006,U,110 min,Drama,7.6,Neil Burger
Death Note: Desu nÃ´to,2006,,126 min,Crime,7.7,ShÃ»suke Kaneko
Efter brylluppet,2006,R,120 min,Drama,7.7,Susanne Bier
Lucky Number Slevin,2006,R,110 min,Action,7.7,Paul McGuigan
Papurika,2006,U,90 min,Animation,7.7,Satoshi Kon
The Last King of Scotland,2006,R,123 min,Biography,7.7,Kevin Macdonald
This Is England,2006,,101 min,Crime,7.7,Shane Meadows
Toki o kakeru shÃ´jo,2006,U,98 min,Animation,7.7,Mamoru Hosoda
Zwartboek,2006,R,145 min,Drama,7.7,Paul Verhoeven
Apocalypto,2006,A,139 min,Action,7.8,Mel Gibson
Little Miss Sunshine,2006,UA,101 min,Comedy,7.8,Jonathan Dayton
Children of Men,2006,A,109 min,Adventure,7.9,Alfonso CuarÃ³n
Letters from Iwo Jima,2006,UA,141 min,Action,7.9,Clint Eastwood
The Fall,2006,R,117 min,Adventure,7.9,Tarsem Singh
Blood Diamond,2006,A,143 min,Adventure,8,Edward Zwick
Casino Royale,2006,PG-13,144 min,Action,8,Martin Campbell
The Pursuit of Happyness,2006,U,117 min,Biography,8,Gabriele Muccino
Lage Raho Munna Bhai,2006,U,144 min,Comedy,8.1,Rajkumar Hirani
Pan's Labyrinth,2006,UA,118 min,Drama,8.2,Guillermo del Toro
Rang De Basanti,2006,UA,167 min,Comedy,8.2,Rakeysh Omprakash Mehra
The Lives of Others,2006,A,137 min,Drama,8.4,Florian Henckel von Donnersmarck
The Departed,2006,A,151 min,Crime,8.5,Martin Scorsese
The Prestige,2006,U,130 min,Drama,8.5,Christopher Nolan
Eastern Promises,2007,R,100 min,Action,7.6,David Cronenberg
Gone Baby Gone,2007,R,114 min,Crime,7.6,Ben Affleck
La Vie En Rose,2007,PG-13,140 min,Biography,7.6,Olivier Dahan
Stardust,2007,U,127 min,Adventure,7.6,Matthew Vaughn
The Visitor,2007,PG-13,104 min,Drama,7.6,Tom McCarthy
3:10 to Yuma,2007,A,122 min,Action,7.7,James Mangold
Control,2007,R,122 min,Biography,7.7,Anton Corbijn
Zodiac,2007,UA,157 min,Crime,7.7,David Fincher
American Gangster,2007,A,157 min,Biography,7.8,Ridley Scott
Atonement,2007,R,123 min,Drama,7.8,Joe Wright
Auf der anderen Seite,2007,,122 min,Drama,7.8,Fatih Akin
Hot Fuzz,2007,UA,121 min,Action,7.8,Edgar Wright
Once,2007,R,86 min,Drama,7.8,John Carney
"4 luni, 3 saptamÃ¢ni si 2 zile",2007,,113 min,Drama,7.9,Cristian Mungiu
Jab We Met,2007,U,138 min,Comedy,7.9,Imtiaz Ali
The Man from Earth,2007,,87 min,Drama,7.9,Richard Schenkman
Le scaphandre et le papillon,2007,PG-13,112 min,Biography,8,Julian Schnabel
Persepolis,2007,PG-13,96 min,Animation,8,Vincent Paronnaud
Ratatouille,2007,U,111 min,Animation,8,Brad Bird
The Bourne Ultimatum,2007,UA,115 min,Action,8,Paul Greengrass
Tropa de Elite,2007,R,115 min,Action,8,JosÃ© Padilha
Into the Wild,2007,R,148 min,Adventure,8.1,Sean Penn
No Country for Old Men,2007,R,122 min,Crime,8.1,Ethan Coen
Chak De! India,2007,U,153 min,Drama,8.2,Shimit Amin
There Will Be Blood,2007,A,158 min,Drama,8.2,Paul Thomas Anderson
Taare Zameen Par,2007,U,165 min,Drama,8.4,Aamir Khan
Die Welle,2008,,107 min,Drama,7.6,Dennis Gansel
Seven Pounds,2008,UA,123 min,Drama,7.6,Gabriele Muccino
"Synecdoche, New York",2008,R,124 min,Drama,7.6,Charlie Kaufman
Changeling,2008,R,141 min,Biography,7.7,Clint Eastwood
Frost/Nixon,2008,R,122 min,Biography,7.7,Ron Howard
Gake no ue no Ponyo,2008,U,101 min,Animation,7.7,Hayao Miyazaki
Chugyeokja,2008,,125 min,Action,7.8,Hong-jin Na
Taken,2008,A,90 min,Action,7.8,Pierre Morel
The Boy in the Striped Pyjamas,2008,PG-13,94 min,Drama,7.8,Mark Herman
The Curious Case of Benjamin Button,2008,UA,166 min,Drama,7.8,David Fincher
In Bruges,2008,R,107 min,Comedy,7.9,Martin McDonagh
Iron Man,2008,UA,126 min,Action,7.9,Jon Favreau
LÃ¥t den rÃ¤tte komma in,2008,R,114 min,Crime,7.9,Tomas Alfredson
The Wrestler,2008,UA,109 min,Drama,7.9,Darren Aronofsky
Slumdog Millionaire,2008,UA,120 min,Drama,8,Danny Boyle
Yip Man,2008,R,106 min,Action,8,Wilson Yip
A Wednesday,2008,UA,104 min,Action,8.1,Neeraj Pandey
Gran Torino,2008,R,116 min,Drama,8.1,Clint Eastwood
Okuribito,2008,PG-13,130 min,Drama,8.1,YÃ´jirÃ´ Takita
WALLÂ·E,2008,U,98 min,Animation,8.4,Andrew Stanton
The Dark Knight,2008,UA,152 min,Action,9,Christopher Nolan
Celda 211,2009,,113 min,Action,7.6,Daniel MonzÃ³n
Harry Potter and the Half-Blood Prince,2009,UA,153 min,Action,7.6,David Yates
Sherlock Holmes,2009,PG-13,128 min,Action,7.6,Guy Ritchie
The Blind Side,2009,UA,129 min,Biography,7.6,John Lee Hancock
The Secret of Kells,2009,,71 min,Animation,7.6,Tomm Moore
Watchmen,2009,A,162 min,Action,7.6,Zack Snyder
Zombieland,2009,A,88 min,Adventure,7.6,Ruben Fleischer
(500) Days of Summer,2009,UA,95 min,Comedy,7.7,Marc Webb
Coraline,2009,U,100 min,Animation,7.7,Henry Selick
The Hangover,2009,UA,100 min,Comedy,7.7,Todd Phillips
Avatar,2009,UA,162 min,Action,7.8,James Cameron
Das weiÃŸe Band - Eine deutsche Kindergeschichte,2009,UA,144 min,Drama,7.8,Michael Haneke
MÃ¤n som hatar kvinnor,2009,R,152 min,Crime,7.8,Niels Arden Oplev
Madeo,2009,R,129 min,Crime,7.8,Bong Joon Ho
Mr. Nobody,2009,R,141 min,Drama,7.8,Jaco Van Dormael
District 9,2009,A,112 min,Action,7.9,Neill Blomkamp
Fantastic Mr. Fox,2009,PG,87 min,Animation,7.9,Wes Anderson
Moon,2009,R,97 min,Drama,7.9,Duncan Jones
Star Trek,2009,UA,127 min,Action,7.9,J.J. Abrams
Un prophÃ¨te,2009,A,155 min,Crime,7.9,Jacques Audiard
Darbareye Elly,2009,TV-PG,119 min,Drama,8,Asghar Farhadi
Dev.D,2009,A,144 min,Drama,8,Anurag Kashyap
Nefes: Vatan Sagolsun,2009,,128 min,Action,8,Levent Semerci
Hachi: A Dog's Tale,2009,G,93 min,Biography,8.1,Lasse HallstrÃ¶m
Mary and Max,2009,,92 min,Animation,8.1,Adam Elliot
El secreto de sus ojos,2009,R,129 min,Drama,8.2,Juan JosÃ© Campanella
Up,2009,U,96 min,Animation,8.2,Pete Docter
Inglourious Basterds,2009,A,153 min,Adventure,8.3,Quentin Tarantino
3 Idiots,2009,UA,170 min,Comedy,8.4,Rajkumar Hirani
Despicable Me,2010,U,95 min,Animation,7.6,Pierre Coffin
HÃ¦vnen,2010,R,118 min,Drama,7.6,Susanne Bier
Kari-gurashi no Arietti,2010,U,94 min,Animation,7.6,Hiromasa Yonebayashi
Kick-Ass,2010,UA,117 min,Action,7.6,Matthew Vaughn
True Grit,2010,PG-13,110 min,Drama,7.6,Ethan Coen
Flipped,2010,PG,90 min,Comedy,7.7,Rob Reiner
Harry Potter and the Deathly Hallows: Part 1,2010,A,146 min,Adventure,7.7,David Yates
Tangled,2010,U,100 min,Animation,7.7,Nathan Greno
The Social Network,2010,UA,120 min,Biography,7.7,David Fincher
Ajeossi,2010,R,119 min,Action,7.8,Jeong-beom Lee
Ang-ma-reul bo-at-da,2010,,144 min,Action,7.8,Jee-woon Kim
Kokuhaku,2010,,106 min,Drama,7.8,Tetsuya Nakashima
The Fighter,2010,UA,116 min,Biography,7.8,David O. Russell
Black Swan,2010,A,108 min,Drama,8,Darren Aronofsky
My Name Is Khan,2010,UA,165 min,Drama,8,Karan Johar
The King's Speech,2010,U,118 min,Biography,8,Tom Hooper
Tropa de Elite 2: O Inimigo Agora Ã© Outro,2010,,115 min,Action,8,JosÃ© Padilha
How to Train Your Dragon,2010,U,98 min,Animation,8.1,Dean DeBlois
Shutter Island,2010,A,138 min,Mystery,8.2,Martin Scorsese
Toy Story 3,2010,U,103 min,Animation,8.2,Lee Unkrich
Udaan,2010,UA,134 min,Drama,8.2,Vikramaditya Motwane
Incendies,2010,R,131 min,Drama,8.3,Denis Villeneuve
Inception,2010,UA,148 min,Action,8.8,Christopher Nolan
50/50,2011,R,100 min,Comedy,7.6,Jonathan Levine
La piel que habito,2011,R,120 min,Drama,7.6,Pedro AlmodÃ³var
Moneyball,2011,PG-13,133 min,Biography,7.6,Bennett Miller
Serbuan maut,2011,A,101 min,Action,7.6,Gareth Evans
Detachment,2011,,98 min,Drama,7.7,Tony Kaye
Midnight in Paris,2011,PG-13,96 min,Comedy,7.7,Woody Allen
Rockstar,2011,UA,159 min,Drama,7.7,Imtiaz Ali
X: First Class,2011,UA,131 min,Action,7.7,Matthew Vaughn
Drive,2011,A,100 min,Crime,7.8,Nicolas Winding Refn
The Girl with the Dragon Tattoo,2011,R,158 min,Crime,7.8,David Fincher
Bir Zamanlar Anadolu'da,2011,,157 min,Crime,7.9,Nuri Bilge Ceylan
The Artist,2011,U,100 min,Comedy,7.9,Michel Hazanavicius
The Help,2011,UA,146 min,Drama,8,Tate Taylor
Harry Potter and the Deathly Hallows: Part 2,2011,UA,130 min,Adventure,8.1,David Yates
Zindagi Na Milegi Dobara,2011,U,155 min,Comedy,8.1,Zoya Akhtar
Warrior,2011,UA,140 min,Action,8.2,Gavin O'Connor
Jodaeiye Nader az Simin,2011,PG-13,123 min,Drama,8.3,Asghar Farhadi
The Intouchables,2011,UA,112 min,Biography,8.5,Olivier Nakache
El cuerpo,2012,,112 min,Mystery,7.6,Oriol Paulo
End of Watch,2012,A,109 min,Action,7.6,David Ayer
Argo,2012,A,120 min,Biography,7.7,Ben Affleck
Silver Linings Playbook,2012,A,122 min,Comedy,7.7,David O. Russell
Skyfall,2012,UA,143 min,Action,7.7,Sam Mendes
The Broken Circle Breakdown,2012,,111 min,Drama,7.7,Felix van Groeningen
Wreck-It Ralph,2012,U,101 min,Animation,7.7,Rich Moore
English Vinglish,2012,U,134 min,Comedy,7.8,Gauri Shinde
Moonrise Kingdom,2012,A,94 min,Comedy,7.8,Wes Anderson
The Hobbit: An Unexpected Journey,2012,UA,169 min,Adventure,7.8,Peter Jackson
Vicky Donor,2012,UA,126 min,Comedy,7.8,Shoojit Sircar
Amour,2012,UA,127 min,Drama,7.9,Michael Haneke
Life of Pi,2012,U,127 min,Adventure,7.9,Ang Lee
The Avengers,2012,UA,143 min,Action,8,Joss Whedon
The Perks of Being a Wallflower,2012,UA,103 min,Drama,8,Stephen Chbosky
Ã”kami kodomo no Ame to Yuki,2012,U,117 min,Animation,8.1,Mamoru Hosoda
Barfi!,2012,U,151 min,Comedy,8.1,Anurag Basu
Kahaani,2012,UA,122 min,Mystery,8.1,Sujoy Ghosh
OMG: Oh My God!,2012,U,125 min,Comedy,8.1,Umesh Shukla
Gangs of Wasseypur,2012,A,321 min,Action,8.2,Anurag Kashyap
Paan Singh Tomar,2012,UA,135 min,Action,8.2,Tigmanshu Dhulia
Jagten,2012,R,115 min,Drama,8.3,Thomas Vinterberg
Django Unchained,2012,A,165 min,Drama,8.4,Quentin Tarantino
The Dark Knight Rises,2012,UA,164 min,Action,8.4,Christopher Nolan
Philomena,2013,PG-13,98 min,Biography,7.6,Stephen Frears
Gravity,2013,UA,91 min,Drama,7.7,Alfonso CuarÃ³n
Kai po che!,2013,U,130 min,Drama,7.7,Abhishek Kapoor
La vie d'AdÃ¨le,2013,A,180 min,Drama,7.7,Abdellatif Kechiche
Nebraska,2013,UA,115 min,Adventure,7.7,Alexander Payne
Star Trek Into Darkness,2013,UA,132 min,Action,7.7,J.J. Abrams
About Time,2013,R,123 min,Comedy,7.8,Richard Curtis
Captain Phillips,2013,UA,134 min,Adventure,7.8,Paul Greengrass
Kaze tachinu,2013,PG-13,126 min,Animation,7.8,Hayao Miyazaki
La grande bellezza,2013,,141 min,Drama,7.8,Paolo Sorrentino
La migliore offerta,2013,R,131 min,Crime,7.8,Giuseppe Tornatore
Le passÃ©,2013,PG-13,130 min,Drama,7.8,Asghar Farhadi
The Hobbit: The Desolation of Smaug,2013,UA,161 min,Adventure,7.8,Peter Jackson
The Lunchbox,2013,U,104 min,Drama,7.8,Ritesh Batra
Before Midnight,2013,R,109 min,Drama,7.9,Richard Linklater
Dallas Buyers Club,2013,R,117 min,Biography,8,Jean-Marc VallÃ©e
Her,2013,A,126 min,Drama,8,Spike Jonze
Kaguyahime no monogatari,2013,U,137 min,Animation,8,Isao Takahata
Short Term 12,2013,R,96 min,Drama,8,Destin Daniel Cretton
Special Chabbis,2013,UA,144 min,Crime,8,Neeraj Pandey
12 Years a Slave,2013,A,134 min,Biography,8.1,Steve McQueen
Prisoners,2013,A,153 min,Crime,8.1,Denis Villeneuve
Rush,2013,UA,123 min,Action,8.1,Ron Howard
Bhaag Milkha Bhaag,2013,U,186 min,Biography,8.2,Rakeysh Omprakash Mehra
Mandariinid,2013,,87 min,Drama,8.2,Zaza Urushadze
Queen,2013,UA,146 min,Adventure,8.2,Vikas Bahl
The Wolf of Wall Street,2013,A,180 min,Biography,8.2,Martin Scorsese
Drishyam,2013,U,160 min,Crime,8.3,Jeethu Joseph
Dawn of the Planet of the Apes,2014,UA,130 min,Action,7.6,Matt Reeves
Leviafan,2014,R,140 min,Crime,7.6,Andrey Zvyagintsev
Birdman or (The Unexpected Virtue of Ignorance),2014,A,119 min,Comedy,7.7,Alejandro G. IÃ±Ã¡rritu
Captain America: The Winter Soldier,2014,UA,136 min,Action,7.7,Anthony Russo
Ex Machina,2014,UA,108 min,Drama,7.7,Alex Garland
Kingsman: The Secret Service,2014,A,129 min,Action,7.7,Matthew Vaughn
Omoide no MÃ¢nÃ®,2014,U,103 min,Animation,7.7,James Simone
The Fault in Our Stars,2014,UA,126 min,Drama,7.7,Josh Boone
The Lego Movie,2014,U,100 min,Animation,7.7,Christopher Miller
The Theory of Everything,2014,U,123 min,Biography,7.7,James Marsh
What We Do in the Shadows,2014,R,86 min,Comedy,7.7,Jemaine Clement
Big Hero 6,2014,U,102 min,Animation,7.8,Don Hall
How to Train Your Dragon 2,2014,U,102 min,Animation,7.8,Dean DeBlois
Pride,2014,R,119 min,Biography,7.8,Matthew Warchus
Boyhood,2014,A,165 min,Drama,7.9,Richard Linklater
Edge of Tomorrow,2014,UA,113 min,Action,7.9,Doug Liman
Nightcrawler,2014,A,117 min,Crime,7.9,Dan Gilroy
X-Men: Days of Future Past,2014,UA,132 min,Action,7.9,Bryan Singer
Guardians of the Galaxy,2014,UA,121 min,Action,8,James Gunn
Mar adentro,2014,U,126 min,Biography,8,Alejandro AmenÃ¡bar
Serbuan maut 2: Berandal,2014,A,150 min,Action,8,Gareth Evans
The Imitation Game,2014,UA,114 min,Biography,8,Morten Tyldum
Gone Girl,2014,A,149 min,Drama,8.1,David Fincher
Haider,2014,UA,160 min,Action,8.1,Vishal Bhardwaj
Kis Uykusu,2014,,196 min,Drama,8.1,Nuri Bilge Ceylan
Mommy,2014,R,139 min,Drama,8.1,Xavier Dolan
PK,2014,UA,153 min,Comedy,8.1,Rajkumar Hirani
Relatos salvajes,2014,R,122 min,Comedy,8.1,DamiÃ¡n Szifron
Song of the Sea,2014,PG,93 min,Animation,8.1,Tomm Moore
The Grand Budapest Hotel,2014,UA,99 min,Adventure,8.1,Wes Anderson
Whiplash,2014,A,106 min,Drama,8.5,Damien Chazelle
Interstellar,2014,UA,169 min,Adventure,8.6,Christopher Nolan
Bridge of Spies,2015,UA,142 min,Drama,7.6,Steven Spielberg
Creed,2015,A,133 min,Drama,7.6,Ryan Coogler
Mustang,2015,PG-13,97 min,Drama,7.6,Deniz Gamze ErgÃ¼ven
Sicario,2015,A,121 min,Action,7.6,Denis Villeneuve
Victoria,2015,,138 min,Crime,7.6,Sebastian Schipper
Beasts of No Nation,2015,,137 min,Drama,7.7,Cary Joji Fukunaga
En man som heter Ove,2015,PG-13,116 min,Comedy,7.7,Hannes Holm
Le Petit Prince,2015,PG,108 min,Animation,7.7,Mark Osborne
Me and Earl and the Dying Girl,2015,PG-13,105 min,Comedy,7.7,Alfonso Gomez-Rejon
Straight Outta Compton,2015,R,147 min,Biography,7.8,F. Gary Gray
The Big Short,2015,A,130 min,Biography,7.8,Adam McKay
The Hateful Eight,2015,A,168 min,Crime,7.8,Quentin Tarantino
Under sandet,2015,R,100 min,Drama,7.8,Martin Zandvliet
Star Wars: Episode VII - The Force Awakens,2015,U,138 min,Action,7.9,J.J. Abrams
BÃ£hubali: The Beginning,2015,UA,159 min,Action,8,S.S. Rajamouli
Baby,2015,UA,159 min,Action,8,Neeraj Pandey
Bajrangi Bhaijaan,2015,UA,163 min,Action,8,Kabir Khan
The Martian,2015,UA,144 min,Adventure,8,Ridley Scott
The Revenant,2015,A,156 min,Action,8,Alejandro G. IÃ±Ã¡rritu
Inside Out,2015,U,95 min,Animation,8.1,Pete Docter
Mad Max: Fury Road,2015,UA,120 min,Action,8.1,George Miller
Room,2015,R,118 min,Drama,8.1,Lenny Abrahamson
Spotlight,2015,A,129 min,Biography,8.1,Tom McCarthy
Drishyam,2015,UA,163 min,Crime,8.2,Nishikant Kamat
Talvar,2015,UA,132 min,Crime,8.2,Meghna Gulzar
Hell or High Water,2016,R,102 min,Action,7.6,David Mackenzie
Moana,2016,U,107 min,Animation,7.6,Ron Clements
Captain America: Civil War,2016,UA,147 min,Action,7.8,Anthony Russo
Forushande,2016,UA,124 min,Drama,7.8,Asghar Farhadi
Hidden Figures,2016,UA,127 min,Biography,7.8,Theodore Melfi
Kubo and the Two Strings,2016,PG,101 min,Animation,7.8,Travis Knight
M.S. Dhoni: The Untold Story,2016,U,184 min,Biography,7.8,Neeraj Pandey
Manchester by the Sea,2016,UA,137 min,Drama,7.8,Kenneth Lonergan
Perfetti sconosciuti,2016,,96 min,Comedy,7.8,Paolo Genovese
Rogue One,2016,UA,133 min,Action,7.8,Gareth Edwards
Udta Punjab,2016,A,148 min,Action,7.8,Abhishek Chaubey
Arrival,2016,UA,116 min,Drama,7.9,Denis Villeneuve
Captain Fantastic,2016,R,118 min,Comedy,7.9,Matt Ross
Hunt for the Wilderpeople,2016,UA,101 min,Adventure,7.9,Taika Waititi
"I, Daniel Blake",2016,UA,100 min,Drama,7.9,Ken Loach
Sing Street,2016,PG-13,106 min,Comedy,7.9,John Carney
Airlift,2016,UA,130 min,Drama,8,Raja Menon
Deadpool,2016,R,108 min,Action,8,Tim Miller
La La Land,2016,A,128 min,Comedy,8,Damien Chazelle
Lion,2016,U,118 min,Biography,8,Garth Davis
Zootopia,2016,U,108 min,Animation,8,Byron Howard
Ah-ga-ssi,2016,A,145 min,Drama,8.1,Chan-wook Park
Contratiempo,2016,TV-MA,106 min,Crime,8.1,Oriol Paulo
Hacksaw Ridge,2016,A,139 min,Biography,8.1,Mel Gibson
Koe no katachi,2016,16,130 min,Animation,8.1,Naoko Yamada
Pink,2016,UA,136 min,Drama,8.1,Aniruddha Roy Chowdhury
Dangal,2016,U,161 min,Action,8.4,Nitesh Tiwari
Kimi no na wa.,2016,U,106 min,Animation,8.4,Makoto Shinkai
Baby Driver,2017,UA,113 min,Action,7.6,Edgar Wright
Gifted,2017,PG-13,101 min,Drama,7.6,Marc Webb
Guardians of the Galaxy Vol. 2,2017,UA,136 min,Action,7.6,James Gunn
Nelyubov,2017,R,127 min,Drama,7.6,Andrey Zvyagintsev
Only the Brave,2017,UA,134 min,Action,7.6,Joseph Kosinski
The Florida Project,2017,A,111 min,Drama,7.6,Sean Baker
Get Out,2017,R,104 min,Horror,7.7,Jordan Peele
God's Own Country,2017,,104 min,Drama,7.7,Francis Lee
Wind River,2017,R,107 min,Crime,7.7,Taylor Sheridan
Dunkirk,2017,UA,106 min,Action,7.8,Christopher Nolan
Loving Vincent,2017,UA,94 min,Animation,7.8,Dorota Kobiela
Paddington 2,2017,U,103 min,Adventure,7.8,Paul King
Call Me by Your Name,2017,UA,132 min,Drama,7.9,Luca Guadagnino
Thor: Ragnarok,2017,UA,130 min,Action,7.9,Taika Waititi
Blade Runner 2049,2017,UA,164 min,Action,8,Denis Villeneuve
Wonder,2017,U,113 min,Drama,8,Stephen Chbosky
Logan,2017,A,137 min,Action,8.1,James Mangold
Baahubali 2: The Conclusion,2017,UA,167 min,Action,8.2,S.S. Rajamouli
"Three Billboards Outside Ebbing, Missouri",2017,A,115 min,Comedy,8.2,Martin McDonagh
Ayla: The Daughter of War,2017,,125 min,Biography,8.4,Can Ulkay
Coco,2017,U,105 min,Animation,8.4,Lee Unkrich
Vikram Vedha,2017,UA,147 min,Action,8.4,Gayatri
A Star Is Born,2018,UA,136 min,Drama,7.6,Bradley Cooper
Incredibles 2,2018,UA,118 min,Animation,7.6,Brad Bird
Searching,2018,U/A,102 min,Drama,7.6,Aneesh Chaganty
Deadpool 2,2018,R,119 min,Action,7.7,David Leitch
Mission: Impossible - Fallout,2018,UA,147 min,Action,7.7,Christopher McQuarrie
Roma,2018,R,135 min,Drama,7.7,Alfonso CuarÃ³n
Raazi,2018,UA,138 min,Action,7.8,Meghna Gulzar
Isle of Dogs,2018,U,101 min,Animation,7.9,Wes Anderson
Manbiki kazoku,2018,A,121 min,Crime,7.9,Hirokazu Koreeda
Badhaai ho,2018,UA,124 min,Comedy,8,Amit Ravindernath Sharma
Bohemian Rhapsody,2018,UA,134 min,Biography,8,Bryan Singer
Green Book,2018,UA,130 min,Biography,8.2,Peter Farrelly
K.G.F: Chapter 1,2018,UA,156 min,Action,8.2,Prashanth Neel
Uri: The Surgical Strike,2018,UA,138 min,Action,8.2,Aditya Dhar
Andhadhun,2018,UA,139 min,Crime,8.3,Sriram Raghavan
Tumbbad,2018,A,104 min,Drama,8.3,Rahi Anil Barve
Avengers: Infinity War,2018,UA,149 min,Action,8.4,Anthony Russo
CapharnaÃ¼m,2018,A,126 min,Drama,8.4,Nadine Labaki
Spider-Man: Into the Spider-Verse,2018,U,117 min,Animation,8.4,Bob Persichetti
Dark Waters,2019,PG-13,126 min,Biography,7.6,Todd Haynes
Just Mercy,2019,A,137 min,Biography,7.6,Destin Daniel Cretton
Once Upon a Time... in Hollywood,2019,A,161 min,Comedy,7.6,Quentin Tarantino
The Peanut Butter Falcon,2019,PG-13,97 min,Adventure,7.6,Tyler Nilson
Little Women,2019,U,135 min,Drama,7.8,Greta Gerwig
Sound of Metal,2019,R,120 min,Drama,7.8,Darius Marder
The Gentlemen,2019,A,113 min,Action,7.8,Guy Ritchie
Toy Story 4,2019,U,100 min,Animation,7.8,Josh Cooley
Jojo Rabbit,2019,UA,108 min,Comedy,7.9,Taika Waititi
Knives Out,2019,UA,130 min,Comedy,7.9,Rian Johnson
Marriage Story,2019,U,137 min,Comedy,7.9,Noah Baumbach
The Irishman,2019,R,209 min,Biography,7.9,Martin Scorsese
Gully Boy,2019,UA,154 min,Drama,8,Zoya Akhtar
Togo,2019,U,113 min,Adventure,8,Ericson Core
Ford v Ferrari,2019,UA,152 min,Action,8.1,James Mangold
Portrait de la jeune fille en feu,2019,R,122 min,Drama,8.1,CÃ©line Sciamma
Chhichhore,2019,UA,143 min,Comedy,8.2,Nitesh Tiwari
Klaus,2019,PG,96 min,Animation,8.2,Sergio Pablos
1917,2019,R,119 min,Drama,8.3,Sam Mendes
Miracle in cell NO.7,2019,TV-14,132 min,Drama,8.3,Mehmet Ada Ã–ztekin
Avengers: Endgame,2019,UA,181 min,Action,8.4,Anthony Russo
Joker,2019,A,122 min,Crime,8.5,Todd Phillips
Gisaengchung,2019,A,132 min,Comedy,8.6,Bong Joon Ho
Druk,2020,,117 min,Comedy,7.8,Thomas Vinterberg
The Trial of the Chicago 7,2020,R,129 min,Drama,7.8,Aaron Sorkin
Dil Bechara,2020,UA,101 min,Comedy,7.9,Mukesh Chhabra
Soul,2020,U,100 min,Animation,8.1,Pete Docter
Hamilton,2020,PG-13,160 min,Biography,8.6,Thomas Kail
Soorarai Pottru,2020,U,153 min,Drama,8.6,Sudha Kongara
